loadAutori, 2021-05-12T22:27:45.357593300
loadEdituri, 2021-05-12T22:27:45.373164400
loadSectii, 2021-05-12T22:27:45.375165500
loadCarti, 2021-05-12T22:27:45.376616200
loadAutori, 2021-05-12T22:27:56.148827300
loadEdituri, 2021-05-12T22:27:56.159831400
loadSectii, 2021-05-12T22:27:56.159831400
loadCarti, 2021-05-12T22:27:56.159831400
loadAutori, 2021-05-12T22:28:04.398083
loadEdituri, 2021-05-12T22:28:04.398083
loadSectii, 2021-05-12T22:28:04.398083
loadCarti, 2021-05-12T22:28:04.398083
loadAutori, 2021-05-12T22:28:09.499777800
loadEdituri, 2021-05-12T22:28:09.515416200
loadSectii, 2021-05-12T22:28:09.515416200
loadCarti, 2021-05-12T22:28:09.515416200
loadAutori, 2021-05-12T22:28:14.017320
loadEdituri, 2021-05-12T22:28:14.032944400
loadSectii, 2021-05-12T22:28:14.032944400
loadCarti, 2021-05-12T22:28:14.032944400
loadAutori, 2021-05-12T22:29:05.764932500
loadEdituri, 2021-05-12T22:29:05.771682400
loadSectii, 2021-05-12T22:29:05.771682400
loadCarti, 2021-05-12T22:29:05.771682400
loadAutori, 2021-05-12T22:30:16.476516700
loadEdituri, 2021-05-12T22:30:16.482650500
loadSectii, 2021-05-12T22:30:16.482650500
loadCarti, 2021-05-12T22:30:16.482650500
loadAutori, 2021-05-12T22:33:33.866777900
loadEdituri, 2021-05-12T22:33:33.883395500
loadSectii, 2021-05-12T22:33:33.883395500
loadCarti, 2021-05-12T22:33:33.883395500
writeAutor, 2021-05-12T22:33:33.883395500
loadAutori, 2021-05-12T22:34:54.787073800
loadEdituri, 2021-05-12T22:34:54.802307400
loadSectii, 2021-05-12T22:34:54.803971700
loadCarti, 2021-05-12T22:34:54.804976900
loadAutori, 2021-05-12T22:35:47.363629800
loadEdituri, 2021-05-12T22:35:47.380634900
loadSectii, 2021-05-12T22:35:47.381633300
loadCarti, 2021-05-12T22:35:47.383631
loadAutori, 2021-05-12T22:35:54.218594200
loadEdituri, 2021-05-12T22:35:54.235389800
loadSectii, 2021-05-12T22:35:54.235389800
loadCarti, 2021-05-12T22:35:54.235389800
loadAutori, 2021-05-12T22:35:57.335797600
loadEdituri, 2021-05-12T22:35:57.351372600
loadSectii, 2021-05-12T22:35:57.351372600
loadCarti, 2021-05-12T22:35:57.351372600
loadAutori, 2021-05-12T22:36:36.179793400
loadEdituri, 2021-05-12T22:36:36.195395800
loadSectii, 2021-05-12T22:36:36.196397
loadCarti, 2021-05-12T22:36:36.197970800
loadAutori, 2021-05-12T22:36:40.122229700
loadEdituri, 2021-05-12T22:36:40.135123800
loadSectii, 2021-05-12T22:36:40.135315600
loadCarti, 2021-05-12T22:36:40.135315600
loadAutori, 2021-05-12T22:36:44.169713200
loadEdituri, 2021-05-12T22:36:44.169713200
loadSectii, 2021-05-12T22:36:44.169713200
loadCarti, 2021-05-12T22:36:44.169713200
